Metric,Quarter,Value
Total net revenue,1Q10,27671
Total noninterest expense,1Q10,16124
Pre-provision profit,1Q10,11547
Provision for credit losses,1Q10,7010
Income tax expense,1Q10,1211
Net income,1Q10,3326
Tier 1 capital ratio,1Q10,11.5
Total capital ratio,1Q10,15.1
Tier 1 leverage ratio,1Q10,6.6
Tier 1 common capital ratio,1Q10,9.1
Loans,1Q10,713799
Total assets,1Q10,2135796
Deposits,1Q10,925303
Long-term debt,1Q10,262857
Allowance for credit losses,1Q10,39126
Allowance for loan losses to total retained loans,1Q10,5.40%
Nonperforming assets,1Q10,19019
Net charge-offs,1Q10,7910
Net charge-off rate,1Q10,4.46%
Consumer net charge-off rate,1Q10,5.56
Total net revenue,4Q09,23164
Total noninterest expense,4Q09,12004
Pre-provision profit,4Q09,11160
Provision for credit losses,4Q09,7284
Income tax expense,4Q09,598
Net income,4Q09,3278
Tier 1 capital ratio,4Q09,11.1
Total capital ratio,4Q09,14.8
Tier 1 leverage ratio,4Q09,6.9
Tier 1 common capital ratio,4Q09,8.8
Loans,4Q09,633458
Total assets,4Q09,2031989
Deposits,4Q09,938367
Long-term debt,4Q09,266318
Allowance for credit losses,4Q09,32541
Allowance for loan losses to total retained loans,4Q09,5.04%
Nonperforming assets,4Q09,19741
Net charge-offs,4Q09,6177
Net charge-off rate,4Q09,3.85%
Consumer net charge-off rate,4Q09,4.6
Total net revenue,3Q09,26622
Total noninterest expense,3Q09,13455
Pre-provision profit,3Q09,13167
Provision for credit losses,3Q09,8104
Income tax expense,3Q09,1551
Net income,3Q09,3588
Tier 1 capital ratio,3Q09,10.2
Total capital ratio,3Q09,13.9
Tier 1 leverage ratio,3Q09,6.5
Tier 1 common capital ratio,3Q09,8.2
Loans,3Q09,653144
Total assets,3Q09,2041009
Deposits,3Q09,867977
Long-term debt,3Q09,272124
Allowance for credit losses,3Q09,31454
Allowance for loan losses to total retained loans,3Q09,4.74%
Nonperforming assets,3Q09,20362
Net charge-offs,3Q09,6373
Net charge-off rate,3Q09,3.84%
Consumer net charge-off rate,3Q09,4.79
Total net revenue,2Q09,25623
Total noninterest expense,2Q09,13520
Pre-provision profit,2Q09,12103
Provision for credit losses,2Q09,8031
Income tax expense,2Q09,1351
Net income,2Q09,2721
Tier 1 capital ratio,2Q09,9.7
Total capital ratio,2Q09,13.3
Tier 1 leverage ratio,2Q09,6.2
Tier 1 common capital ratio,2Q09,7.7
Loans,2Q09,680601
Total assets,2Q09,2026642
Deposits,2Q09,866477
Long-term debt,2Q09,271939
Allowance for credit losses,2Q09,29818
Allowance for loan losses to total retained loans,2Q09,4.33%
Nonperforming assets,2Q09,17517
Net charge-offs,2Q09,6019
Net charge-off rate,2Q09,3.52%
Consumer net charge-off rate,2Q09,4.69
Total net revenue,1Q09,25025
Total noninterest expense,1Q09,13373
Pre-provision profit,1Q09,11652
Provision for credit losses,1Q09,8596
Income tax expense,1Q09,915
Net income,1Q09,2141
Tier 1 capital ratio,1Q09,11.4
Total capital ratio,1Q09,15.2
Tier 1 leverage ratio,1Q09,7.1
Tier 1 common capital ratio,1Q09,7.3
Loans,1Q09,708243
Total assets,1Q09,2079188
Deposits,1Q09,906969
Long-term debt,1Q09,261845
Allowance for credit losses,1Q09,28019
Allowance for loan losses to total retained loans,1Q09,3.95%
Nonperforming assets,1Q09,14654
Net charge-offs,1Q09,4396
Net charge-off rate,1Q09,2.51%
Consumer net charge-off rate,1Q09,3.61
Total net revenue,1Q11,25221
Total noninterest expense,1Q11,15995
Pre-provision profit,1Q11,9226
Provision for credit losses,1Q11,1169
Income before income tax expense,1Q11,8057
Income tax expense,1Q11,2502
Net income,1Q11,5555
Tier 1 capital ratio,1Q11,12.3
Total capital ratio,1Q11,15.6
Tier 1 leverage ratio,1Q11,7.2
Tier 1 common capital ratio,1Q11,10
Loans,1Q11,685996
Total assets,1Q11,2198161
Deposits,1Q11,995829
Allowance for credit losses,1Q11,30438
Allowance for loan losses to total retained loans,1Q11,4.40%
Nonperforming assets,1Q11,14986
Net charge-offs,1Q11,3720
Net charge-off rate,1Q11,2.22%
Consumer net charge-off rate,1Q11,3.18
Total net revenue,4Q10,26098
Total noninterest expense,4Q10,16043
Pre-provision profit,4Q10,10055
Provision for credit losses,4Q10,3043
Income before income tax expense,4Q10,7012
Income tax expense,4Q10,2181
Net income,4Q10,4831
Tier 1 capital ratio,4Q10,12.1
Total capital ratio,4Q10,15.5
Tier 1 leverage ratio,4Q10,7
Tier 1 common capital ratio,4Q10,9.8
Loans,4Q10,692927
Total assets,4Q10,2117605
Deposits,4Q10,930369
Allowance for credit losses,4Q10,32983
Allowance for loan losses to total retained loans,4Q10,4.71%
Nonperforming assets,4Q10,16557
Net charge-offs,4Q10,5104
Net charge-off rate,4Q10,2.95%
Consumer net charge-off rate,4Q10,4.12
Total net revenue,3Q10,23824
Total noninterest expense,3Q10,14398
Pre-provision profit,3Q10,9426
Provision for credit losses,3Q10,3223
Income before income tax expense,3Q10,6203
Income tax expense,3Q10,1785
Net income,3Q10,4418
Tier 1 capital ratio,3Q10,11.9
Total capital ratio,3Q10,15.4
Tier 1 leverage ratio,3Q10,7.1
Tier 1 common capital ratio,3Q10,9.5
Loans,3Q10,690531
Total assets,3Q10,2141595
Deposits,3Q10,903138
Allowance for credit losses,3Q10,35034
Allowance for loan losses to total retained loans,3Q10,4.97%
Nonperforming assets,3Q10,17656
Net charge-offs,3Q10,4945
Net charge-off rate,3Q10,2.84%
Consumer net charge-off rate,3Q10,3.9
Total net revenue,2Q10,25101
Total noninterest expense,2Q10,14631
Pre-provision profit,2Q10,10470
Provision for credit losses,2Q10,3363
Income before income tax expense,2Q10,7107
Income tax expense,2Q10,2312
Net income,2Q10,4795
Tier 1 capital ratio,2Q10,12.1
Total capital ratio,2Q10,15.8
Tier 1 leverage ratio,2Q10,6.9
Tier 1 common capital ratio,2Q10,9.6
Loans,2Q10,699483
Total assets,2Q10,2014019
Deposits,2Q10,887805
Allowance for credit losses,2Q10,36748
Allowance for loan losses to total retained loans,2Q10,5.15%
Nonperforming assets,2Q10,18156
Net charge-offs,2Q10,5714
Net charge-off rate,2Q10,3.28%
Consumer net charge-off rate,2Q10,4.49
Income before income tax expense,1Q10,4537
Total net revenue,1Q12,26712
Total noninterest expense,1Q12,18345
Pre-provision profit,1Q12,8367
Provision for credit losses,1Q12,726
Income before income tax expense,1Q12,7641
Income tax expense,1Q12,2258
Net income,1Q12,5383
Tier 1 capital ratio,1Q12,12.6
Total capital ratio,1Q12,15.6
Tier 1 leverage ratio,1Q12,7.1
Tier 1 common capital ratio,1Q12,10.4
Loans,1Q12,720967
Total assets,1Q12,2320330
Deposits,1Q12,1128512
Long-term debt,1Q12,255831
Common stockholders’ equity,1Q12,181928
Allowance for credit losses,1Q12,26621
Allowance for loan losses to total retained loans,1Q12,3.63%
Nonperforming assets,1Q12,11953
Net charge-offs,1Q12,2387
Net charge-off rate,1Q12,1.35%
Total net revenue,4Q11,21471
Total noninterest expense,4Q11,14540
Pre-provision profit,4Q11,6931
Provision for credit losses,4Q11,2184
Income before income tax expense,4Q11,4747
Income tax expense,4Q11,1019
Net income,4Q11,3728
Tier 1 capital ratio,4Q11,12.3
Total capital ratio,4Q11,15.4
Tier 1 leverage ratio,4Q11,6.8
Tier 1 common capital ratio,4Q11,10.1
Loans,4Q11,723720
Total assets,4Q11,2265792
Deposits,4Q11,1127806
Long-term debt,4Q11,256775
Common stockholders’ equity,4Q11,175773
Allowance for credit losses,4Q11,28282
Allowance for loan losses to total retained loans,4Q11,3.84%
Nonperforming assets,4Q11,11315
Net charge-offs,4Q11,2907
Net charge-off rate,4Q11,1.64%
Total net revenue,3Q11,23763
Total noninterest expense,3Q11,15534
Pre-provision profit,3Q11,8229
Provision for credit losses,3Q11,2411
Income before income tax expense,3Q11,5818
Income tax expense,3Q11,1556
Net income,3Q11,4262
Tier 1 capital ratio,3Q11,12.1
Total capital ratio,3Q11,15.3
Tier 1 leverage ratio,3Q11,6.8
Tier 1 common capital ratio,3Q11,9.9
Loans,3Q11,696853
Total assets,3Q11,2289240
Deposits,3Q11,1092708
Long-term debt,3Q11,273688
Common stockholders’ equity,3Q11,174487
Allowance for credit losses,3Q11,29036
Allowance for loan losses to total retained loans,3Q11,4.09%
Nonperforming assets,3Q11,12468
Net charge-offs,3Q11,2507
Net charge-off rate,3Q11,1.44%
Total net revenue,2Q11,26779
Total noninterest expense,2Q11,16842
Pre-provision profit,2Q11,9937
Provision for credit losses,2Q11,1810
Income before income tax expense,2Q11,8127
Income tax expense,2Q11,2696
Net income,2Q11,5431
Tier 1 capital ratio,2Q11,12.4
Total capital ratio,2Q11,15.7
Tier 1 leverage ratio,2Q11,7
Tier 1 common capital ratio,2Q11,10.1
Loans,2Q11,689736
Total assets,2Q11,2246764
Deposits,2Q11,1048685
Long-term debt,2Q11,279228
Common stockholders’ equity,2Q11,175079
Allowance for credit losses,2Q11,29146
Allowance for loan losses to total retained loans,2Q11,4.16%
Nonperforming assets,2Q11,13435
Net charge-offs,2Q11,3103
Net charge-off rate,2Q11,1.83%
Long-term debt,1Q11,269616
Common stockholders’ equity,1Q11,172798
Total net revenue,1Q13,25122
Total noninterest expense,1Q13,15423
Pre-provision profit,1Q13,9699
Provision for credit losses,1Q13,617
Income before income tax expense,1Q13,9082
Income tax expense,1Q13,2553
Net income,1Q13,6529
Tier 1 capital ratio,1Q13,11.6
Total capital ratio,1Q13,14.1
Tier 1 leverage ratio,1Q13,7.3
Tier 1 common capital ratio,1Q13,10.2
Loans,1Q13,728886
Total assets,1Q13,2389349
Deposits,1Q13,1202507
Long-term debt,1Q13,268361
Common stockholders’ equity,1Q13,197128
Allowance for credit losses,1Q13,21496
Allowance for loan losses to total retained loans,1Q13,2.88%
Nonperforming assets,1Q13,11584
Net charge-offs,1Q13,1725
Net charge-off rate,1Q13,0.97%
Total net revenue,4Q12,23653
Total noninterest expense,4Q12,16047
Pre-provision profit,4Q12,7606
Provision for credit losses,4Q12,656
Income before income tax expense,4Q12,6950
Income tax expense,4Q12,1258
Net income,4Q12,5692
Tier 1 capital ratio,4Q12,12.6
Total capital ratio,4Q12,15.3
Tier 1 leverage ratio,4Q12,7.1
Tier 1 common capital ratio,4Q12,11
Loans,4Q12,733796
Total assets,4Q12,2359141
Deposits,4Q12,1193593
Long-term debt,4Q12,249024
Common stockholders’ equity,4Q12,195011
Allowance for credit losses,4Q12,22604
Allowance for loan losses to total retained loans,4Q12,3.02%
Nonperforming assets,4Q12,11734
Net charge-offs,4Q12,1628
Net charge-off rate,4Q12,0.90%
Total net revenue,3Q12,25146
Total noninterest expense,3Q12,15371
Pre-provision profit,3Q12,9775
Provision for credit losses,3Q12,1789
Income before income tax expense,3Q12,7986
Income tax expense,3Q12,2278
Net income,3Q12,5708
Tier 1 capital ratio,3Q12,11.9
Total capital ratio,3Q12,14.7
Tier 1 leverage ratio,3Q12,7.1
Tier 1 common capital ratio,3Q12,10.4
Loans,3Q12,721947
Total assets,3Q12,2321284
Deposits,3Q12,1139611
Long-term debt,3Q12,241140
Common stockholders’ equity,3Q12,190635
Allowance for credit losses,3Q12,23576
Allowance for loan losses to total retained loans,3Q12,3.18%
Nonperforming assets,3Q12,12481
Net charge-offs,3Q12,2770
Net charge-off rate,3Q12,1.53%
Total net revenue,2Q12,22180
Total noninterest expense,2Q12,14966
Pre-provision profit,2Q12,7214
Provision for credit losses,2Q12,214
Income before income tax expense,2Q12,7000
Income tax expense,2Q12,2040
Net income,2Q12,4960
Tier 1 capital ratio,2Q12,11.3
Total capital ratio,2Q12,14
Tier 1 leverage ratio,2Q12,6.7
Tier 1 common capital ratio,2Q12,9.9
Loans,2Q12,727571
Total assets,2Q12,2290146
Deposits,2Q12,1115886
Long-term debt,2Q12,239539
Common stockholders’ equity,2Q12,183772
Allowance for credit losses,2Q12,24555
Allowance for loan losses to total retained loans,2Q12,3.29%
Nonperforming assets,2Q12,11397
Net charge-offs,2Q12,2278
Net charge-off rate,2Q12,1.27%
Total net revenue,1Q14,22993
Total noninterest expense,1Q14,14636
Provision for credit losses,1Q14,850
Income before income tax expense,1Q14,7507
Income tax expense,1Q14,2233
Tier 1 common capital ratio,1Q14,10.9%
Tier 1 capital ratio,1Q14,12.1
Total capital ratio,1Q14,14.5
Tier 1 leverage ratio,1Q14,7.4
Loans,1Q14,730971
Total assets,1Q14,2476986
Deposits,1Q14,1282705
Common stockholders’ equity,1Q14,204572
Allowance for credit losses,1Q14,16485
Allowance for loan losses to total retained loans,1Q14,2.20%
Nonperforming assets,1Q14,9473
Net charge-offs,1Q14,1269
Net charge-off rate,1Q14,0.71%
Total net revenue,4Q13,23156
Total noninterest expense,4Q13,15552
Provision for credit losses,4Q13,104
Income before income tax expense,4Q13,7500
Income tax expense,4Q13,2222
Tier 1 common capital ratio,4Q13,10.7%
Tier 1 capital ratio,4Q13,11.9
Total capital ratio,4Q13,14.4
Tier 1 leverage ratio,4Q13,7.1
Loans,4Q13,738418
Total assets,4Q13,2415689
Deposits,4Q13,1287765
Common stockholders’ equity,4Q13,200020
Allowance for credit losses,4Q13,16969
Allowance for loan losses to total retained loans,4Q13,2.25%
Nonperforming assets,4Q13,9706
Net charge-offs,4Q13,1328
Net charge-off rate,4Q13,0.73%
Total net revenue,3Q13,23117
Total noninterest expense,3Q13,23626
Provision for credit losses,3Q13,-543
Income before income tax expense,3Q13,34
Income tax expense,3Q13,414
Tier 1 common capital ratio,3Q13,10.5%
Tier 1 capital ratio,3Q13,11.7
Total capital ratio,3Q13,14.3
Tier 1 leverage ratio,3Q13,6.9
Loans,3Q13,728679
Total assets,3Q13,2463309
Deposits,3Q13,1281102
Common stockholders’ equity,3Q13,195512
Allowance for credit losses,3Q13,18248
Allowance for loan losses to total retained loans,3Q13,2.43%
Nonperforming assets,3Q13,10380
Net charge-offs,3Q13,1346
Net charge-off rate,3Q13,0.74%
Total net revenue,2Q13,25211
Total noninterest expense,2Q13,15866
Provision for credit losses,2Q13,47
Income before income tax expense,2Q13,9298
Income tax expense,2Q13,2802
Tier 1 common capital ratio,2Q13,10.4%
Tier 1 capital ratio,2Q13,11.6
Total capital ratio,2Q13,14.1
Tier 1 leverage ratio,2Q13,7
Loans,2Q13,725586
Total assets,2Q13,2439494
Deposits,2Q13,1202950
Common stockholders’ equity,2Q13,197781
Allowance for credit losses,2Q13,20137
Allowance for loan losses to total retained loans,2Q13,2.69%
Nonperforming assets,2Q13,11041
Net charge-offs,2Q13,1403
Net charge-off rate,2Q13,0.78%
Total net revenue,1Q15,24066
Total noninterest expense,1Q15,14883
Pre-provision profit,1Q15,9183
Provision for credit losses,1Q15,959
Income before income tax expense,1Q15,8224
Income tax expense,1Q15,2310
Net income,1Q15,5914
Common equity Tier 1 (“CET1”) capital ratio,1Q15,10.7%
Tier 1 capital ratio,1Q15,12.1
Total capital ratio,1Q15,13.7
Tier 1 leverage ratio,1Q15,7.5
Loans,1Q15,764185
Total assets,1Q15,2577148
Deposits,1Q15,1367887
Common stockholders’ equity,1Q15,214371
Allowance for credit losses,1Q15,14658
Allowance for loan losses to total retained loans,1Q15,1.86%
Nonperforming assets,1Q15,7714
Net charge-offs,1Q15,1052
Net charge-off rate,1Q15,0.57%
Total net revenue,4Q14,22750
Total noninterest expense,4Q14,15409
Pre-provision profit,4Q14,7341
Provision for credit losses,4Q14,840
Income before income tax expense,4Q14,6501
Income tax expense,4Q14,1570
Net income,4Q14,4931
Common equity Tier 1 (“CET1”) capital ratio,4Q14,10.2%
Tier 1 capital ratio,4Q14,11.6
Total capital ratio,4Q14,13.1
Tier 1 leverage ratio,4Q14,7.6
Loans,4Q14,757336
Total assets,4Q14,2572773
Deposits,4Q14,1363427
Common stockholders’ equity,4Q14,211664
Allowance for credit losses,4Q14,14807
Allowance for loan losses to total retained loans,4Q14,1.90%
Nonperforming assets,4Q14,7967
Net charge-offs,4Q14,1218
Net charge-off rate,4Q14,0.65%
Total net revenue,3Q14,24469
Total noninterest expense,3Q14,15798
Pre-provision profit,3Q14,8671
Provision for credit losses,3Q14,757
Income before income tax expense,3Q14,7914
Income tax expense,3Q14,2349
Net income,3Q14,5565
Common equity Tier 1 (“CET1”) capital ratio,3Q14,10.2%
Tier 1 capital ratio,3Q14,11.5
Total capital ratio,3Q14,12.8
Tier 1 leverage ratio,3Q14,7.6
Loans,3Q14,743257
Total assets,3Q14,2526655
Deposits,3Q14,1334534
Common stockholders’ equity,3Q14,210876
Allowance for credit losses,3Q14,15526
Allowance for loan losses to total retained loans,3Q14,2.02%
Nonperforming assets,3Q14,8390
Net charge-offs,3Q14,1114
Net charge-off rate,3Q14,0.60%
Total net revenue,2Q14,24678
Total noninterest expense,2Q14,15431
Pre-provision profit,2Q14,9247
Provision for credit losses,2Q14,692
Income before income tax expense,2Q14,8555
Income tax expense,2Q14,2575
Net income,2Q14,5980
Common equity Tier 1 (“CET1”) capital ratio,2Q14,9.8%
Tier 1 capital ratio,2Q14,11
Total capital ratio,2Q14,12.5
Tier 1 leverage ratio,2Q14,7.6
Loans,2Q14,746983
Total assets,2Q14,2519995
Deposits,2Q14,1319751
Common stockholders’ equity,2Q14,208520
Allowance for credit losses,2Q14,15974
Allowance for loan losses to total retained loans,2Q14,2.08%
Nonperforming assets,2Q14,9017
Net charge-offs,2Q14,1158
Net charge-off rate,2Q14,0.64%
Pre-provision profit,1Q14,8579
Net income,1Q14,5269
Common equity Tier 1 (“CET1”) capital ratio,1Q14,10.9%
Total net revenue,2Q16,24380
Total noninterest expense,2Q16,13638
Pre-provision profit,2Q16,10742
Provision for credit losses,2Q16,1402
Income before income tax expense,2Q16,9340
Net income,2Q16,6200
Common equity Tier 1 (“CET1”) capital ratio,2Q16,12.0%
Tier 1 capital ratio,2Q16,13.6
Total capital ratio,2Q16,15.2
Tier 1 leverage ratio,2Q16,8.5
Loans,2Q16,872804
Total assets,2Q16,2466096
Deposits,2Q16,1330958
Common stockholders’ equity,2Q16,226355
Allowance for credit losses,2Q16,15187
Allowance for loan losses to total retained loans,2Q16,1.64%
Nonperforming assets,2Q16,7757
Net charge-offs,2Q16,1181
Net charge-off rate,2Q16,0.56%
Total net revenue,1Q16,23239
Total noninterest expense,1Q16,13837
Pre-provision profit,1Q16,9402
Provision for credit losses,1Q16,1824
Income before income tax expense,1Q16,7578
Net income,1Q16,5520
Common equity Tier 1 (“CET1”) capital ratio,1Q16,11.9%
Tier 1 capital ratio,1Q16,13.5
Total capital ratio,1Q16,15.1
Tier 1 leverage ratio,1Q16,8.6
Loans,1Q16,847313
Total assets,1Q16,2423808
Deposits,1Q16,1321816
Common stockholders’ equity,1Q16,224089
Allowance for credit losses,1Q16,15008
Allowance for loan losses to total retained loans,1Q16,1.66%
Nonperforming assets,1Q16,8023
Net charge-offs,1Q16,1110
Net charge-off rate,1Q16,0.53%
Total net revenue,4Q15,22885
Total noninterest expense,4Q15,14263
Pre-provision profit,4Q15,8622
Provision for credit losses,4Q15,1251
Income before income tax expense,4Q15,7371
Net income,4Q15,5434
Common equity Tier 1 (“CET1”) capital ratio,4Q15,11.8%
Tier 1 capital ratio,4Q15,13.5
Total capital ratio,4Q15,15.1
Tier 1 leverage ratio,4Q15,8.5
Loans,4Q15,837299
Total assets,4Q15,2351698
Deposits,4Q15,1279715
Common stockholders’ equity,4Q15,221505
Allowance for credit losses,4Q15,14341
Allowance for loan losses to total retained loans,4Q15,1.63%
Nonperforming assets,4Q15,7034
Net charge-offs,4Q15,1064
Net charge-off rate,4Q15,0.52%
Total net revenue,3Q15,22780
Total noninterest expense,3Q15,15368
Pre-provision profit,3Q15,7412
Provision for credit losses,3Q15,682
Income before income tax expense,3Q15,6730
Net income,3Q15,6804
Common equity Tier 1 (“CET1”) capital ratio,3Q15,11.5%
Tier 1 capital ratio,3Q15,13.3
Total capital ratio,3Q15,14.9
Tier 1 leverage ratio,3Q15,8.4
Loans,3Q15,809457
Total assets,3Q15,2416635
Deposits,3Q15,1273106
Common stockholders’ equity,3Q15,219660
Allowance for credit losses,3Q15,14201
Allowance for loan losses to total retained loans,3Q15,1.67%
Nonperforming assets,3Q15,7294
Net charge-offs,3Q15,963
Net charge-off rate,3Q15,0.49%
Total net revenue,2Q15,23812
Total noninterest expense,2Q15,14500
Pre-provision profit,2Q15,9312
Provision for credit losses,2Q15,935
Income before income tax expense,2Q15,8377
Net income,2Q15,6290
Common equity Tier 1 (“CET1”) capital ratio,2Q15,11.2%
Tier 1 capital ratio,2Q15,12.8
Total capital ratio,2Q15,14.4
Tier 1 leverage ratio,2Q15,8
Loans,2Q15,791247
Total assets,2Q15,2449098
Deposits,2Q15,1287332
Common stockholders’ equity,2Q15,216287
Allowance for credit losses,2Q15,14535
Allowance for loan losses to total retained loans,2Q15,1.78%
Nonperforming assets,2Q15,7588
Net charge-offs,2Q15,1007
Net charge-off rate,2Q15,0.53%
Total net revenue,2Q17,25470
Total noninterest expense,2Q17,14506
Pre-provision profit,2Q17,10964
Provision for credit losses,2Q17,1215
Income before income tax expense,2Q17,9749
Income tax expense,2Q17,2720
Net income,2Q17,7029
Common equity Tier 1 (“CET1”) capital ratio,2Q17,12.6%
Tier 1 capital ratio,2Q17,14.4
Total capital ratio,2Q17,16
Tier 1 leverage ratio,2Q17,8.5
Loans,2Q17,908767
Total assets,2Q17,2563174
Deposits,2Q17,1439473
Common stockholders’ equity,2Q17,232415
Allowance for credit losses,2Q17,14480
Allowance for loan losses to total retained loans,2Q17,1.49%
Nonperforming assets,2Q17,6432
Total net revenue,1Q17,24675
Total noninterest expense,1Q17,15019
Pre-provision profit,1Q17,9656
Provision for credit losses,1Q17,1315
Income before income tax expense,1Q17,8341
Income tax expense,1Q17,1893
Net income,1Q17,6448
Common equity Tier 1 (“CET1”) capital ratio,1Q17,12.5%
Tier 1 capital ratio,1Q17,14.3
Total capital ratio,1Q17,15.6
Tier 1 leverage ratio,1Q17,8.4
Loans,1Q17,895974
Total assets,1Q17,2546290
Deposits,1Q17,1422999
Common stockholders’ equity,1Q17,229795
Allowance for credit losses,1Q17,14490
Allowance for loan losses to total retained loans,1Q17,1.52%
Nonperforming assets,1Q17,6826
Total net revenue,4Q16,23376
Total noninterest expense,4Q16,13833
Pre-provision profit,4Q16,9543
Provision for credit losses,4Q16,864
Income before income tax expense,4Q16,8679
Income tax expense,4Q16,1952
Net income,4Q16,6727
Common equity Tier 1 (“CET1”) capital ratio,4Q16,12.4%
Tier 1 capital ratio,4Q16,14.1
Total capital ratio,4Q16,15.5
Tier 1 leverage ratio,4Q16,8.4
Loans,4Q16,894765
Total assets,4Q16,2490972
Deposits,4Q16,1375179
Common stockholders’ equity,4Q16,228122
Allowance for credit losses,4Q16,14854
Allowance for loan losses to total retained loans,4Q16,1.55%
Nonperforming assets,4Q16,7535
Total net revenue,3Q16,24673
Total noninterest expense,3Q16,14463
Pre-provision profit,3Q16,10210
Provision for credit losses,3Q16,1271
Income before income tax expense,3Q16,8939
Income tax expense,3Q16,2653
Net income,3Q16,6286
Common equity Tier 1 (“CET1”) capital ratio,3Q16,12.0%
Tier 1 capital ratio,3Q16,13.6
Total capital ratio,3Q16,15.1
Tier 1 leverage ratio,3Q16,8.5
Loans,3Q16,888054
Total assets,3Q16,2521029
Deposits,3Q16,1376138
Common stockholders’ equity,3Q16,228263
Allowance for credit losses,3Q16,15304
Allowance for loan losses to total retained loans,3Q16,1.61%
Nonperforming assets,3Q16,7779
Income tax expense,2Q16,3140
Total net revenue,2Q18,27753
Total noninterest expense,2Q18,15971
Pre-provision profit,2Q18,11782
Provision for credit losses,2Q18,1210
Income before income tax expense,2Q18,10572
Income tax expense,2Q18,2256
Net income,2Q18,8316
Common equity Tier 1 (“CET1”) capital ratio,2Q18,12
Tier 1 capital ratio,2Q18,13.6
Total capital ratio,2Q18,15.5
Tier 1 leverage ratio,2Q18,8.2
Loans,2Q18,948414
Total assets,2Q18,2590050
Deposits,2Q18,1452122
Long-term debt,2Q18,273114
Common stockholders’ equity,2Q18,231390
Allowance for credit losses,2Q18,14367
Allowance for loan losses to total retained loans,2Q18,1.41%
Nonperforming assets,2Q18,5767
Net charge-offs,2Q18,1252
Net charge-off rate,2Q18,0.54%
Total net revenue,1Q18,27907
Total noninterest expense,1Q18,16080
Pre-provision profit,1Q18,11827
Provision for credit losses,1Q18,1165
Income before income tax expense,1Q18,10662
Income tax expense,1Q18,1950
Net income,1Q18,8712
Common equity Tier 1 (“CET1”) capital ratio,1Q18,11.8
Tier 1 capital ratio,1Q18,13.5
Total capital ratio,1Q18,15.3
Tier 1 leverage ratio,1Q18,8.2
Loans,1Q18,934424
Total assets,1Q18,2609785
Deposits,1Q18,1486961
Long-term debt,1Q18,274449
Common stockholders’ equity,1Q18,230133
Allowance for credit losses,1Q18,14482
Allowance for loan losses to total retained loans,1Q18,1.44%
Nonperforming assets,1Q18,6364
Net charge-offs,1Q18,1335
Net charge-off rate,1Q18,0.59%
Total net revenue,4Q17,24457
Total noninterest expense,4Q17,14895
Pre-provision profit,4Q17,9562
Provision for credit losses,4Q17,1308
Income before income tax expense,4Q17,8254
Income tax expense,4Q17,4022
Net income,4Q17,4232
Common equity Tier 1 (“CET1”) capital ratio,4Q17,12.2
Tier 1 capital ratio,4Q17,13.9
Total capital ratio,4Q17,15.9
Tier 1 leverage ratio,4Q17,8.3
Loans,4Q17,930697
Total assets,4Q17,2533600
Deposits,4Q17,1443982
Long-term debt,4Q17,284080
Common stockholders’ equity,4Q17,229625
Allowance for credit losses,4Q17,14672
Allowance for loan losses to total retained loans,4Q17,1.47%
Nonperforming assets,4Q17,6426
Net charge-offs,4Q17,1264
Net charge-off rate,4Q17,0.55%
Total net revenue,3Q17,25578
Total noninterest expense,3Q17,14570
Pre-provision profit,3Q17,11008
Provision for credit losses,3Q17,1452
Income before income tax expense,3Q17,9556
Income tax expense,3Q17,2824
Net income,3Q17,6732
Common equity Tier 1 (“CET1”) capital ratio,3Q17,12.5
Tier 1 capital ratio,3Q17,14.1
Total capital ratio,3Q17,16.1
Tier 1 leverage ratio,3Q17,8.4
Loans,3Q17,913761
Total assets,3Q17,2563074
Deposits,3Q17,1439027
Long-term debt,3Q17,288582
Common stockholders’ equity,3Q17,232314
Allowance for credit losses,3Q17,14648
Allowance for loan losses to total retained loans,3Q17,1.49%
Nonperforming assets,3Q17,6154
Net charge-offs,3Q17,1265
Net charge-off rate,3Q17,0.56%
Long-term debt,2Q17,292973
Net charge-offs,2Q17,1204
Net charge-off rate,2Q17,0.54%
Total net revenue,2Q19,28832
Total noninterest expense,2Q19,16341
Pre-provision profit,2Q19,12491
Provision for credit losses,2Q19,1149
Income before income tax expense,2Q19,11342
Income tax expense,2Q19,1690
Net income,2Q19,9652
Common equity Tier 1 (“CET1”) capital ratio,2Q19,12.2
Tier 1 capital ratio,2Q19,14
Total capital ratio,2Q19,15.8
Tier 1 leverage ratio,2Q19,8
Loans,2Q19,956889
Total assets,2Q19,2727379
Deposits,2Q19,1524361
Long-term debt,2Q19,288869
Common stockholders’ equity,2Q19,236222
Allowance for credit losses,2Q19,14295
Allowance for loan losses to total retained loans,2Q19,1.39%
Nonperforming assets,2Q19,5260
Net charge-offs,2Q19,1403
Net charge-off rate,2Q19,0.60%
Total net revenue,1Q19,29123
Total noninterest expense,1Q19,16395
Pre-provision profit,1Q19,12728
Provision for credit losses,1Q19,1495
Income before income tax expense,1Q19,11233
Income tax expense,1Q19,2054
Net income,1Q19,9179
Common equity Tier 1 (“CET1”) capital ratio,1Q19,12.1
Tier 1 capital ratio,1Q19,13.8
Total capital ratio,1Q19,15.7
Tier 1 leverage ratio,1Q19,8.1
Loans,1Q19,956245
Total assets,1Q19,2737188
Deposits,1Q19,1493441
Long-term debt,1Q19,290893
Common stockholders’ equity,1Q19,232844
Allowance for credit losses,1Q19,14591
Allowance for loan losses to total retained loans,1Q19,1.43%
Nonperforming assets,1Q19,5616
Net charge-offs,1Q19,1361
Net charge-off rate,1Q19,0.58%
Total net revenue,4Q18,26109
Total noninterest expense,4Q18,15720
Pre-provision profit,4Q18,10389
Provision for credit losses,4Q18,1548
Income before income tax expense,4Q18,8841
Income tax expense,4Q18,1775
Net income,4Q18,7066
Common equity Tier 1 (“CET1”) capital ratio,4Q18,12
Tier 1 capital ratio,4Q18,13.7
Total capital ratio,4Q18,15.5
Tier 1 leverage ratio,4Q18,8.1
Loans,4Q18,984554
Total assets,4Q18,2622532
Deposits,4Q18,1470666
Long-term debt,4Q18,282031
Common stockholders’ equity,4Q18,230447
Allowance for credit losses,4Q18,14500
Allowance for loan losses to total retained loans,4Q18,1.39%
Nonperforming assets,4Q18,5190
Net charge-offs,4Q18,1236
Net charge-off rate,4Q18,0.52%
Total net revenue,3Q18,27260
Total noninterest expense,3Q18,15623
Pre-provision profit,3Q18,11637
Provision for credit losses,3Q18,948
Income before income tax expense,3Q18,10689
Income tax expense,3Q18,2309
Net income,3Q18,8380
Common equity Tier 1 (“CET1”) capital ratio,3Q18,12
Tier 1 capital ratio,3Q18,13.6
Total capital ratio,3Q18,15.4
Tier 1 leverage ratio,3Q18,8.2
Loans,3Q18,954318
Total assets,3Q18,2615183
Deposits,3Q18,1458762
Long-term debt,3Q18,270124
Common stockholders’ equity,3Q18,231192
Allowance for credit losses,3Q18,14225
Allowance for loan losses to total retained loans,3Q18,1.39%
Nonperforming assets,3Q18,5034
Net charge-offs,3Q18,1033
Net charge-off rate,3Q18,0.43%
Total net revenue,2Q21,30479
Total noninterest expense,2Q21,17667
Pre-provision profit,2Q21,12812
Provision for credit losses,2Q21,-2285
Income before income tax expense,2Q21,15097
Net income,2Q21,11948
Common equity Tier 1 (“CET1”) capital ratio,2Q21,13
Tier 1 capital ratio,2Q21,15.1
Total capital ratio,2Q21,17.1
Tier 1 leverage ratio,2Q21,6.6
Loans,2Q21,1040954
Deposits,2Q21,2305217
Long-term debt,2Q21,299926
Common stockholders’ equity,2Q21,253548
Allowance for loan losses to total retained loans,2Q21,2.02%
Nonperforming assets,2Q21,9802
Net charge-offs,2Q21,734
Net charge-off rate,2Q21,0.31%
Total net revenue,1Q21,32266
Total noninterest expense,1Q21,18725
Pre-provision profit,1Q21,13541
Provision for credit losses,1Q21,-4156
Income before income tax expense,1Q21,17697
Net income,1Q21,14300
Common equity Tier 1 (“CET1”) capital ratio,1Q21,13.1
Tier 1 capital ratio,1Q21,15
Total capital ratio,1Q21,17.2
Tier 1 leverage ratio,1Q21,6.7
Loans,1Q21,1011307
Deposits,1Q21,2278112
Long-term debt,1Q21,279427
Common stockholders’ equity,1Q21,249151
Allowance for loan losses to total retained loans,1Q21,2.42%
Nonperforming assets,1Q21,10257
Net charge-offs,1Q21,1057
Net charge-off rate,1Q21,0.45%
Total net revenue,4Q20,29335
Total noninterest expense,4Q20,16048
Pre-provision profit,4Q20,13287
Provision for credit losses,4Q20,-1889
Income before income tax expense,4Q20,15176
Net income,4Q20,12136
Common equity Tier 1 (“CET1”) capital ratio,4Q20,13.1
Tier 1 capital ratio,4Q20,15
Total capital ratio,4Q20,17.3
Tier 1 leverage ratio,4Q20,7
Loans,4Q20,1012853
Deposits,4Q20,2144257
Long-term debt,4Q20,281685
Common stockholders’ equity,4Q20,249291
Allowance for loan losses to total retained loans,4Q20,2.95%
Nonperforming assets,4Q20,10906
Net charge-offs,4Q20,1050
Net charge-off rate,4Q20,0.44%
Total net revenue,3Q20,29255
Total noninterest expense,3Q20,16875
Pre-provision profit,3Q20,12380
Provision for credit losses,3Q20,611
Income before income tax expense,3Q20,11769
Net income,3Q20,9443
Common equity Tier 1 (“CET1”) capital ratio,3Q20,13.1
Tier 1 capital ratio,3Q20,15
Total capital ratio,3Q20,17.3
Tier 1 leverage ratio,3Q20,7
Loans,3Q20,989740
Deposits,3Q20,2001416
Long-term debt,3Q20,279175
Common stockholders’ equity,3Q20,241050
Allowance for loan losses to total retained loans,3Q20,3.26%
Nonperforming assets,3Q20,11462
Net charge-offs,3Q20,1180
Net charge-off rate,3Q20,0.49%
Total net revenue,2Q20,33075
Total noninterest expense,2Q20,16942
Pre-provision profit,2Q20,16133
Provision for credit losses,2Q20,10473
Income before income tax expense,2Q20,5660
Net income,2Q20,4687
Common equity Tier 1 (“CET1”) capital ratio,2Q20,12.4
Tier 1 capital ratio,2Q20,14.3
Total capital ratio,2Q20,16.7
Tier 1 leverage ratio,2Q20,6.9
Loans,2Q20,1009382
Deposits,2Q20,1931029
Long-term debt,2Q20,317003
Common stockholders’ equity,2Q20,234403
Allowance for loan losses to total retained loans,2Q20,3.27%
Nonperforming assets,2Q20,9715
Net charge-offs,2Q20,1560
Net charge-off rate,2Q20,0.64%
Total net revenue,2Q22,30715
Total noninterest expense,2Q22,18749
Pre-provision profit,2Q22,11966
Provision for credit losses,2Q22,1101
Income before income tax expense,2Q22,10865
Income tax expense,2Q22,2216
Net income,2Q22,8649
Common equity Tier 1 (“CET1”) capital ratio,2Q22,12.2
Tier 1 capital ratio,2Q22,14.1
Total capital ratio,2Q22,15.7
Tier 1 leverage ratio,2Q22,6.2
Loans,2Q22,1104155
Total assets,2Q22,3841314
Deposits,2Q22,2471544
Long-term debt,2Q22,288212
Common stockholders’ equity,2Q22,253305
Allowance for credit losses,2Q22,20019
Allowance for loan losses to total retained loans,2Q22,1.69%
Nonperforming assets,2Q22,7845
Net charge-offs,2Q22,657
Net charge-off rate,2Q22,0.25%
Total net revenue,1Q22,30717
Total noninterest expense,1Q22,19191
Pre-provision profit,1Q22,11526
Provision for credit losses,1Q22,1463
Income before income tax expense,1Q22,10063
Income tax expense,1Q22,1781
Net income,1Q22,8282
Common equity Tier 1 (“CET1”) capital ratio,1Q22,11.9
Tier 1 capital ratio,1Q22,13.7
Total capital ratio,1Q22,15.4
Tier 1 leverage ratio,1Q22,6.2
Loans,1Q22,1073285
Total assets,1Q22,3954687
Deposits,1Q22,2561207
Long-term debt,1Q22,293239
Common stockholders’ equity,1Q22,253061
Allowance for credit losses,1Q22,19591
Allowance for loan losses to total retained loans,1Q22,1.69%
Nonperforming assets,1Q22,8605
Net charge-offs,1Q22,582
Net charge-off rate,1Q22,0.24%
Total net revenue,4Q21,29257
Total noninterest expense,4Q21,17888
Pre-provision profit,4Q21,11369
Provision for credit losses,4Q21,-1288
Income before income tax expense,4Q21,12657
Income tax expense,4Q21,2258
Net income,4Q21,10399
Common equity Tier 1 (“CET1”) capital ratio,4Q21,13.1
Tier 1 capital ratio,4Q21,15
Total capital ratio,4Q21,16.8
Tier 1 leverage ratio,4Q21,6.5
Loans,4Q21,1077714
Total assets,4Q21,3743567
Deposits,4Q21,2462303
Long-term debt,4Q21,301005
Common stockholders’ equity,4Q21,259289
Allowance for credit losses,4Q21,18689
Allowance for loan losses to total retained loans,4Q21,1.62%
Nonperforming assets,4Q21,8346
Net charge-offs,4Q21,550
Net charge-off rate,4Q21,0.22%
Total net revenue,3Q21,29647
Total noninterest expense,3Q21,17063
Pre-provision profit,3Q21,12584
Provision for credit losses,3Q21,-1527
Income before income tax expense,3Q21,14111
Income tax expense,3Q21,2424
Net income,3Q21,11687
Common equity Tier 1 (“CET1”) capital ratio,3Q21,12.9
Tier 1 capital ratio,3Q21,15
Total capital ratio,3Q21,16.9
Tier 1 leverage ratio,3Q21,6.6
Loans,3Q21,1044615
Total assets,3Q21,3757576
Deposits,3Q21,2402353
Long-term debt,3Q21,298465
Common stockholders’ equity,3Q21,255203
Allowance for credit losses,3Q21,20528
Allowance for loan losses to total retained loans,3Q21,1.86%
Nonperforming assets,3Q21,8882
Net charge-offs,3Q21,524
Net charge-off rate,3Q21,0.21%
Income tax expense,2Q21,3149
Total assets,2Q21,3684256
Allowance for credit losses,2Q21,22585
Total net revenue,2Q23,41307
Total noninterest expense,2Q23,20822
Pre-provision profit,2Q23,20485
Provision for credit losses,2Q23,2899
Income before income tax expense,2Q23,17586
Income tax expense,2Q23,3114
Net income,2Q23,14472
Common equity Tier 1 (“CET1”) capital ratio,2Q23,13.8
Tier 1 capital ratio,2Q23,15.4
Total capital ratio,2Q23,17.3
Tier 1 leverage ratio,2Q23,6.9
Loans,2Q23,1300069
Total assets,2Q23,3868240
Deposits,2Q23,2398962
Long-term debt,2Q23,364078
Common stockholders’ equity,2Q23,285112
Allowance for credit losses,2Q23,24288
Allowance for loan losses to total retained loans,2Q23,1.75%
Nonperforming assets,2Q23,7838
Net charge-offs,2Q23,1411
Net charge-off rate,2Q23,0.47%
Total net revenue,1Q23,38349
Total noninterest expense,1Q23,20107
Pre-provision profit,1Q23,18242
Provision for credit losses,1Q23,2275
Income before income tax expense,1Q23,15967
Income tax expense,1Q23,3345
Net income,1Q23,12622
Common equity Tier 1 (“CET1”) capital ratio,1Q23,13.8
Tier 1 capital ratio,1Q23,15.4
Total capital ratio,1Q23,17.4
Tier 1 leverage ratio,1Q23,6.9
Loans,1Q23,1128896
Total assets,1Q23,3744305
Deposits,1Q23,2377253
Long-term debt,1Q23,295489
Common stockholders’ equity,1Q23,275678
Allowance for credit losses,1Q23,22774
Allowance for loan losses to total retained loans,1Q23,1.85%
Nonperforming assets,1Q23,7418
Net charge-offs,1Q23,1137
Net charge-off rate,1Q23,0.43%
Total net revenue,4Q22,34547
Total noninterest expense,4Q22,19022
Pre-provision profit,4Q22,15525
Provision for credit losses,4Q22,2288
Income before income tax expense,4Q22,13237
Income tax expense,4Q22,2229
Net income,4Q22,11008
Common equity Tier 1 (“CET1”) capital ratio,4Q22,13.2
Tier 1 capital ratio,4Q22,14.9
Total capital ratio,4Q22,16.8
Tier 1 leverage ratio,4Q22,6.6
Loans,4Q22,1135647
Total assets,4Q22,3665743
Deposits,4Q22,2340179
Long-term debt,4Q22,295865
Common stockholders’ equity,4Q22,264928
Allowance for credit losses,4Q22,22204
Allowance for loan losses to total retained loans,4Q22,1.81%
Nonperforming assets,4Q22,7247
Net charge-offs,4Q22,887
Net charge-off rate,4Q22,0.33%
Total net revenue,3Q22,32716
Total noninterest expense,3Q22,19178
Pre-provision profit,3Q22,13538
Provision for credit losses,3Q22,1537
Income before income tax expense,3Q22,12001
Income tax expense,3Q22,2264
Net income,3Q22,9737
Common equity Tier 1 (“CET1”) capital ratio,3Q22,12.5
Tier 1 capital ratio,3Q22,14.1
Total capital ratio,3Q22,16
Tier 1 leverage ratio,3Q22,6.2
Loans,3Q22,1112633
Total assets,3Q22,3773884
Deposits,3Q22,2408615
Long-term debt,3Q22,287473
Common stockholders’ equity,3Q22,255180
Allowance for credit losses,3Q22,20797
Allowance for loan losses to total retained loans,3Q22,1.70%
Nonperforming assets,3Q22,7243
Net charge-offs,3Q22,727
Net charge-off rate,3Q22,0.27%
Total net revenue,2Q24,50200.0
Total noninterest expense,2Q24,23713.0
Pre-provision profit,2Q24,26487.0
Provision for credit losses,2Q24,3052.0
Income before income tax expense,2Q24,23435.0
Income tax expense,2Q24,5286.0
Net income,2Q24,18149.0
Common equity Tier 1 (“CET1”) capital ratio,2Q24,15.3
Tier 1 capital ratio,2Q24,16.7
Total capital ratio,2Q24,18.5
Tier 1 leverage ratio,2Q24,7.2
Loans,2Q24,1320700.0
Total assets,2Q24,4143003.0
Deposits,2Q24,2396530.0
Long-term debt,2Q24,394028.0
Common stockholders’ equity,2Q24,316652.0
Allowance for credit losses,2Q24,25514.0
Allowance for loan losses to total retained loans,2Q24,1.81
Nonperforming assets,2Q24,8423.0
Net charge-offs,2Q24,2231.0
Net charge-off rate,2Q24,0.71
Total net revenue,1Q24,41934
Total noninterest expense,1Q24,22757
Pre-provision profit,1Q24,19177
Provision for credit losses,1Q24,1884
Income before income tax expense,1Q24,17293
Income tax expense,1Q24,3874
Net income,1Q24,13419
Common equity Tier 1 (“CET1”) capital ratio,1Q24,15
Tier 1 capital ratio,1Q24,16.4
Total capital ratio,1Q24,18.2
Tier 1 leverage ratio,1Q24,7.2
Loans,1Q24,1309616
Total assets,1Q24,4090727
Deposits,1Q24,2428409
Long-term debt,1Q24,395872
Common stockholders’ equity,1Q24,306737
Allowance for credit losses,1Q24,24695
Allowance for loan losses to total retained loans,1Q24,1.77%
Nonperforming assets,1Q24,8265
Net charge-offs,1Q24,1956
Net charge-off rate,1Q24,0.62%
Total net revenue,4Q23,38574
Total noninterest expense,4Q23,24486
Pre-provision profit,4Q23,14088
Provision for credit losses,4Q23,2762
Income before income tax expense,4Q23,11326
Income tax expense,4Q23,2019
Net income,4Q23,9307
Common equity Tier 1 (“CET1”) capital ratio,4Q23,15
Tier 1 capital ratio,4Q23,16.6
Total capital ratio,4Q23,18.5
Tier 1 leverage ratio,4Q23,7.2
Loans,4Q23,1323706
Total assets,4Q23,3875393
Deposits,4Q23,2400688
Long-term debt,4Q23,391825
Common stockholders’ equity,4Q23,300474
Allowance for credit losses,4Q23,24765
Allowance for loan losses to total retained loans,4Q23,1.75%
Nonperforming assets,4Q23,7597
Net charge-offs,4Q23,2164
Net charge-off rate,4Q23,0.68%
Total net revenue,3Q23,39874
Total noninterest expense,3Q23,21757
Pre-provision profit,3Q23,18117
Provision for credit losses,3Q23,1384
Income before income tax expense,3Q23,16733
Income tax expense,3Q23,3582
Net income,3Q23,13151
Common equity Tier 1 (“CET1”) capital ratio,3Q23,14.3
Tier 1 capital ratio,3Q23,15.9
Total capital ratio,3Q23,17.8
Tier 1 leverage ratio,3Q23,7.1
Loans,3Q23,1310059
Total assets,3Q23,3898333
Deposits,3Q23,2379526
Long-term debt,3Q23,362793
Common stockholders’ equity,3Q23,289967
Allowance for credit losses,3Q23,24155
Allowance for loan losses to total retained loans,3Q23,1.73%
Nonperforming assets,3Q23,8131
Net charge-offs,3Q23,1497
Net charge-off rate,3Q23,0.47%
Total net revenue,2Q25,44912.0
Total noninterest expense,2Q25,23779.0
Pre-provision profit,2Q25,21133.0
Provision for credit losses,2Q25,2849.0
Income before income tax expense,2Q25,18284.0
Income tax expense,2Q25,3297.0
Net income,2Q25,14987.0
Common equity Tier 1 (“CET1”) capital ratio,2Q25,15.1
Tier 1 capital ratio,2Q25,16.1
Total capital ratio,2Q25,17.8
Tier 1 leverage ratio,2Q25,6.9
Loans,2Q25,1411992.0
Total assets,2Q25,4552482.0
Deposits,2Q25,2562380.0
Long-term debt,2Q25,419802.0
Common stockholders’ equity,2Q25,336879.0
Allowance for credit losses,2Q25,28281.0
Allowance for loan losses to total retained loans,2Q25,1.85
Nonperforming assets,2Q25,10480.0
Net charge-offs,2Q25,2410.0
Net charge-off rate,2Q25,0.73
Total net revenue,1Q25,45310
Total noninterest expense,1Q25,23597
Pre-provision profit,1Q25,21713
Provision for credit losses,1Q25,3305
Income before income tax expense,1Q25,18408
Income tax expense,1Q25,3765
Net income,1Q25,14643
Common equity Tier 1 (“CET1”) capital ratio,1Q25,15.4
Tier 1 capital ratio,1Q25,16.5
Total capital ratio,1Q25,18.2
Tier 1 leverage ratio,1Q25,7.2
Loans,1Q25,1355695
Total assets,1Q25,4357856
Deposits,1Q25,2495877
Long-term debt,1Q25,407224
Common stockholders’ equity,1Q25,331375
Allowance for credit losses,1Q25,27835
Allowance for loan losses to total retained loans,1Q25,1.94%
Nonperforming assets,1Q25,9105
Net charge-offs,1Q25,2332
Net charge-off rate,1Q25,0.74%
Total net revenue,4Q24,42768
Total noninterest expense,4Q24,22762
Pre-provision profit,4Q24,20006
Provision for credit losses,4Q24,2631
Income before income tax expense,4Q24,17375
Income tax expense,4Q24,3370
Net income,4Q24,14005
Common equity Tier 1 (“CET1”) capital ratio,4Q24,15.7
Tier 1 capital ratio,4Q24,16.8
Total capital ratio,4Q24,18.5
Tier 1 leverage ratio,4Q24,7.2
Loans,4Q24,1347988
Total assets,4Q24,4002814
Deposits,4Q24,2406032
Long-term debt,4Q24,401418
Common stockholders’ equity,4Q24,324708
Allowance for credit losses,4Q24,26866
Allowance for loan losses to total retained loans,4Q24,1.87%
Nonperforming assets,4Q24,9300
Net charge-offs,4Q24,2364
Net charge-off rate,4Q24,0.73%
Total net revenue,3Q24,42654
Total noninterest expense,3Q24,22565
Pre-provision profit,3Q24,20089
Provision for credit losses,3Q24,3111
Income before income tax expense,3Q24,16978
Income tax expense,3Q24,4080
Net income,3Q24,12898
Common equity Tier 1 (“CET1”) capital ratio,3Q24,15.3
Tier 1 capital ratio,3Q24,16.4
Total capital ratio,3Q24,18.2
Tier 1 leverage ratio,3Q24,7.1
Loans,3Q24,1340011
Total assets,3Q24,4210048
Deposits,3Q24,2430772
Long-term debt,3Q24,410157
Common stockholders’ equity,3Q24,324186
Allowance for credit losses,3Q24,26543
Allowance for loan losses to total retained loans,3Q24,1.86%
Nonperforming assets,3Q24,8628
Net charge-offs,3Q24,2087
Net charge-off rate,3Q24,0.65%
